{
  "name": "io.cordova.portfoliowebhosted",
  "version": "1.0.0",
  "lockfileVersion": 3,
  "requires": true,
  "packages": {
    "": {
      "name": "io.cordova.portfoliowebhosted",
      "version": "1.0.0",
      "license": "Apache-2.0",
      "devDependencies": {
        "cordova-android": "^12.0.1",
        "cordova-browser": "^7.0.0"
      }
    },
    "node_modules/@netflix/nerror": {
      "version": "1.1.3",
      "resolved": "https://registry.npmjs.org/@netflix/nerror/-/nerror-1.1.3.tgz",
      "integrity": "sha512-b+MGNyP9/LXkapreJzNUzcvuzZslj/RGgdVVJ16P2wSlYatfLycPObImqVJSmNAdyeShvNeM/pl3sVZsObFueg==",
      "dev": true,
      "dependencies": {
        "assert-plus": "^1.0.0",
        "extsprintf": "^1.4.0",
        "lodash": "^4.17.15"
      }
    },
    "node_modules/@nodelib/fs.scandir": {
      "version": "2.1.5",
      "resolved": "https://registry.npmjs.org/@nodelib/fs.scandir/-/fs.scandir-2.1.5.tgz",
      "integrity": "sha512-vq24Bq3ym5HEQm2NKCr3yXDwjc7vTsEThRDnkp2DK9p1uqLR+DHurm/NOTo0KG7HYHU7eppKZj3MyqYuMBf62g==",
      "dev": true,
      "dependencies": {
        "@nodelib/fs.stat": "2.0.5",
        "run-parallel": "^1.1.9"
      },
      "engines": {
        "node": ">= 8"
      }
    },
    "node_modules/@nodelib/fs.stat": {
      "version": "2.0.5",
      "resolved": "https://registry.npmjs.org/@nodelib/fs.stat/-/fs.stat-2.0.5.tgz",
      "integrity": "sha512-RkhPPp2zrqDAQA/2jNhnztcPAlv64XdhIp7a7454A5ovI7Bukxgt7MX7udwAu3zg1DcpPU0rz3VV1SeaqvY4+A==",
      "dev": true,
      "engines": {
        "node": ">= 8"
      }
    },
    "node_modules/@nodelib/fs.walk": {
      "version": "1.2.8",
      "resolved": "https://registry.npmjs.org/@nodelib/fs.walk/-/fs.walk-1.2.8.tgz",
      "integrity": "sha512-oGB+UxlgWcgQkgwo8GcEGwemoTFt3FIO9ababBmaGwXIoBKZ+GTy0pP185beGg7Llih/NSHSV2XAs1lnznocSg==",
      "dev": true,
      "dependencies": {
        "@nodelib/fs.scandir": "2.1.5",
        "fastq": "^1.6.0"
      },
      "engines": {
        "node": ">= 8"
      }
    },
    "node_modules/@xmldom/xmldom": {
      "version": "0.8.10",
      "resolved": "https://registry.npmjs.org/@xmldom/xmldom/-/xmldom-0.8.10.tgz",
      "integrity": "sha512-2WALfTl4xo2SkGCYRt6rDTFfk9R1czmBvUQy12gK2KuRKIpWEhcbbzy8EZXtz/jkRqHX8bFEc6FC1HjX4TUWYw==",
      "dev": true,
      "engines": {
        "node": ">=10.0.0"
      }
    },
    "node_modules/abbrev": {
      "version": "2.0.0",
      "resolved": "https://registry.npmjs.org/abbrev/-/abbrev-2.0.0.tgz",
      "integrity": "sha512-6/mh1E2u2YgEsCHdY0Yx5oW+61gZU+1vXaoiHHrpKeuRNNgFvS+/jrwHiQhB5apAf5oB7UB7E19ol2R2LKH8hQ==",
      "dev": true,
      "engines": {
        "node": "^14.17.0 || ^16.13.0 || >=18.0.0"
      }
    },
    "node_modules/accepts": {
      "version": "1.3.8",
      "resolved": "https://registry.npmjs.org/accepts/-/accepts-1.3.8.tgz",
      "integrity": "sha512-PYAthTa2m2VKxuvSD3DPC/Gy+U+sOA1LAuT8mkmRuvw+NACSaeXEQ+NHcVF7rONl6qcaxV3Uuemwawk+7+SJLw==",
      "dev": true,
      "dependencies": {
        "mime-types": "~2.1.34",
        "negotiator": "0.6.3"
      },
      "engines": {
        "node": ">= 0.6"
      }
    },
    "node_modules/android-versions": {
      "version": "1.9.0",
      "resolved": "https://registry.npmjs.org/android-versions/-/android-versions-1.9.0.tgz",
      "integrity": "sha512-13O2B6PQMEM4ej9n13ePRQeckrCoKbZrvuzlLvK+9s2QmncpHDbYzZxhgapN32sJNoifN6VAHexLnd/6CYrs7Q==",
      "dev": true,
      "dependencies": {
        "semver": "^7.5.2"
      }
    },
    "node_modules/ansi": {
      "version": "0.3.1",
      "resolved": "https://registry.npmjs.org/ansi/-/ansi-0.3.1.tgz",
      "integrity": "sha512-iFY7JCgHbepc0b82yLaw4IMortylNb6wG4kL+4R0C3iv6i+RHGHux/yUX5BTiRvSX/shMnngjR1YyNMnXEFh5A==",
      "dev": true
    },
    "node_modules/ansi-styles": {
      "version": "4.3.0",
      "resolved": "https://registry.npmjs.org/ansi-styles/-/ansi-styles-4.3.0.tgz",
      "integrity": "sha512-zbB9rCJAT1rbjiVDb2hqKFHNYLxgtk8NURxZ3IZwD3F6NtxbXZQCnnSi1Lkx+IDohdPlFp222wVALIheZJQSEg==",
      "dev": true,
      "dependencies": {
        "color-convert": "^2.0.1"
      },
      "engines": {
        "node": ">=8"
      },
      "funding": {
        "url": "https://github.com/chalk/ansi-styles?sponsor=1"
      }
    },
    "node_modules/array-flatten": {
      "version": "1.1.1",
      "resolved": "https://registry.npmjs.org/array-flatten/-/array-flatten-1.1.1.tgz",
      "integrity": "sha512-PCVAQswWemu6UdxsDFFX/+gVeYqKAod3D3UVm91jHwynguOwAvYPhx8nNlM++NqRcK6CxxpUafjmhIdKiHibqg==",
      "dev": true
    },
    "node_modules/assert-plus": {
      "version": "1.0.0",
      "resolved": "https://registry.npmjs.org/assert-plus/-/assert-plus-1.0.0.tgz",
      "integrity": "sha512-NfJ4UzBCcQGLDlQq7nHxH+tv3kyZ0hHQqF5BO6J7tNJeP5do1llPr8dZ8zHonfhAu0PHAdMkSo+8o0wxg9lZWw==",
      "dev": true,
      "engines": {
        "node": ">=0.8"
      }
    },
    "node_modules/balanced-match": {
      "version": "1.0.2",
      "resolved": "https://registry.npmjs.org/balanced-match/-/balanced-match-1.0.2.tgz",
      "integrity": "sha512-3oSeUO0TMV67hN1AmbXsK4yaqU7tjiHlbxRDZOpH0KW9+CeX4bRAaX0Anxt0tx2MrpRpWwQaPwIlISEJhYU5Pw==",
      "dev": true
    },
    "node_modules/base64-js": {
      "version": "1.5.1",
      "resolved": "https://registry.npmjs.org/base64-js/-/base64-js-1.5.1.tgz",
      "integrity": "sha512-AKpaYlHn8t4SVbOHCy+b5+KKgvR4vrsD8vbvrbiQJps7fKDTkjkDry6ji0rUJjC0kzbNePLwzxq8iypo41qeWA==",
      "dev": true,
      "funding": [
        {
          "type": "github",
          "url": "https://github.com/sponsors/feross"
        },
        {
          "type": "patreon",
          "url": "https://www.patreon.com/feross"
        },
        {
          "type": "consulting",
          "url": "https://feross.org/support"
        }
      ]
    },
    "node_modules/big-integer": {
      "version": "1.6.52",
      "resolved": "https://registry.npmjs.org/big-integer/-/big-integer-1.6.52.tgz",
      "integrity": "sha512-QxD8cf2eVqJOOz63z6JIN9BzvVs/dlySa5HGSBH5xtR8dPteIRQnBxxKqkNTiT6jbDTF6jAfrd4oMcND9RGbQg==",
      "dev": true,
      "engines": {
        "node": ">=0.6"
      }
    },
    "node_modules/body-parser": {
      "version": "1.20.2",
      "resolved": "https://registry.npmjs.org/body-parser/-/body-parser-1.20.2.tgz",
      "integrity": "sha512-ml9pReCu3M61kGlqoTm2umSXTlRTuGTx0bfYj+uIUKKYycG5NtSbeetV3faSU6R7ajOPw0g/J1PvK4qNy7s5bA==",
      "dev": true,
      "dependencies": {
        "bytes": "3.1.2",
        "content-type": "~1.0.5",
        "debug": "2.6.9",
        "depd": "2.0.0",
        "destroy": "1.2.0",
        "http-errors": "2.0.0",
        "iconv-lite": "0.4.24",
        "on-finished": "2.4.1",
        "qs": "6.11.0",
        "raw-body": "2.5.2",
        "type-is": "~1.6.18",
        "unpipe": "1.0.0"
      },
      "engines": {
        "node": ">= 0.8",
        "npm": "1.2.8000 || >= 1.4.16"
      }
    },
    "node_modules/body-parser/node_modules/bytes": {
      "version": "3.1.2",
      "resolved": "https://registry.npmjs.org/bytes/-/bytes-3.1.2.tgz",
      "integrity": "sha512-/Nf7TyzTx6S3yRJObOAV7956r8cr2+Oj8AC5dt8wSP3BQAoeX58NoHyCU8P8zGkNXStjTSi6fzO6F0pBdcYbEg==",
      "dev": true,
      "engines": {
        "node": ">= 0.8"
      }
    },
    "node_modules/bplist-parser": {
      "version": "0.3.2",
      "resolved": "https://registry.npmjs.org/bplist-parser/-/bplist-parser-0.3.2.tgz",
      "integrity": "sha512-apC2+fspHGI3mMKj+dGevkGo/tCqVB8jMb6i+OX+E29p0Iposz07fABkRIfVUPNd5A5VbuOz1bZbnmkKLYF+wQ==",
      "dev": true,
      "dependencies": {
        "big-integer": "1.6.x"
      },
      "engines": {
        "node": ">= 5.10.0"
      }
    },
    "node_modules/brace-expansion": {
      "version": "1.1.11",
      "resolved": "https://registry.npmjs.org/brace-expansion/-/brace-expansion-1.1.11.tgz",
      "integrity": "sha512-iCuPHDFgrHX7H2vEI/5xpz07zSHB00TpugqhmYtVmMO6518mCuRMoOYFldEBl0g187ufozdaHgWKcYFb61qGiA==",
      "dev": true,
      "dependencies": {
        "balanced-match": "^1.0.0",
        "concat-map": "0.0.1"
      }
    },
    "node_modules/braces": {
      "version": "3.0.2",
      "resolved": "https://registry.npmjs.org/braces/-/braces-3.0.2.tgz",
      "integrity": "sha512-b8um+L1RzM3WDSzvhm6gIz1yfTbBt6YTlcEKAvsmqCZZFw46z626lVj9j1yEPW33H5H+lBQpZMP1k8l+78Ha0A==",
      "dev": true,
      "dependencies": {
        "fill-range": "^7.0.1"
      },
      "engines": {
        "node": ">=8"
      }
    },
    "node_modules/bytes": {
      "version": "3.0.0",
      "resolved": "https://registry.npmjs.org/bytes/-/bytes-3.0.0.tgz",
      "integrity": "sha512-pMhOfFDPiv9t5jjIXkHosWmkSyQbvsgEVNkz0ERHbuLh2T/7j4Mqqpz523Fe8MVY89KC6Sh/QfS2sM+SjgFDcw==",
      "dev": true,
      "engines": {
        "node": ">= 0.8"
      }
    },
    "node_modules/call-bind": {
      "version": "1.0.7",
      "resolved": "https://registry.npmjs.org/call-bind/-/call-bind-1.0.7.tgz",
      "integrity": "sha512-GHTSNSYICQ7scH7sZ+M2rFopRoLh8t2bLSW6BbgrtLsahOIB5iyAVJf9GjWK3cYTDaMj4XdBpM1cA6pIS0Kv2w==",
      "dev": true,
      "dependencies": {
        "es-define-property": "^1.0.0",
        "es-errors": "^1.3.0",
        "function-bind": "^1.1.2",
        "get-intrinsic": "^1.2.4",
        "set-function-length": "^1.2.1"
      },
      "engines": {
        "node": ">= 0.4"
      },
      "funding": {
        "url": "https://github.com/sponsors/ljharb"
      }
    },
    "node_modules/chalk": {
      "version": "3.0.0",
      "resolved": "https://registry.npmjs.org/chalk/-/chalk-3.0.0.tgz",
      "integrity": "sha512-4D3B6Wf41KOYRFdszmDqMCGq5VV/uMAB273JILmO+3jAlh8X4qDtdtgCR3fxtbLEMzSx22QdhnDcJvu2u1fVwg==",
      "dev": true,
      "dependencies": {
        "ansi-styles": "^4.1.0",
        "supports-color": "^7.1.0"
      },
      "engines": {
        "node": ">=8"
      }
    },
    "node_modules/color-convert": {
      "version": "2.0.1",
      "resolved": "https://registry.npmjs.org/color-convert/-/color-convert-2.0.1.tgz",
      "integrity": "sha512-RRECPsj7iu/xb5oKYcsFHSppFNnsj/52OVTRKb4zP5onXwVF3zVmmToNcOfGC+CRDpfK/U584fMg38ZHCaElKQ==",
      "dev": true,
      "dependencies": {
        "color-name": "~1.1.4"
      },
      "engines": {
        "node": ">=7.0.0"
      }
    },
    "node_modules/color-name": {
      "version": "1.1.4",
      "resolved": "https://registry.npmjs.org/color-name/-/color-name-1.1.4.tgz",
      "integrity": "sha512-dOy+3AuW3a2wNbZHIuMZpTcgjGuLU/uBL/ubcZF9OXbDo8ff4O8yVp5Bf0efS8uEoYo5q4Fx7dY9OgQGXgAsQA==",
      "dev": true
    },
    "node_modules/compressible": {
      "version": "2.0.18",
      "resolved": "https://registry.npmjs.org/compressible/-/compressible-2.0.18.tgz",
      "integrity": "sha512-AF3r7P5dWxL8MxyITRMlORQNaOA2IkAFaTr4k7BUumjPtRpGDTZpl0Pb1XCO6JeDCBdp126Cgs9sMxqSjgYyRg==",
      "dev": true,
      "dependencies": {
        "mime-db": ">= 1.43.0 < 2"
      },
      "engines": {
        "node": ">= 0.6"
      }
    },
    "node_modules/compression": {
      "version": "1.7.4",
      "resolved": "https://registry.npmjs.org/compression/-/compression-1.7.4.tgz",
      "integrity": "sha512-jaSIDzP9pZVS4ZfQ+TzvtiWhdpFhE2RDHz8QJkpX9SIpLq88VueF5jJw6t+6CUQcAoA6t+x89MLrWAqpfDE8iQ==",
      "dev": true,
      "dependencies": {
        "accepts": "~1.3.5",
        "bytes": "3.0.0",
        "compressible": "~2.0.16",
        "debug": "2.6.9",
        "on-headers": "~1.0.2",
        "safe-buffer": "5.1.2",
        "vary": "~1.1.2"
      },
      "engines": {
        "node": ">= 0.8.0"
      }
    },
    "node_modules/concat-map": {
      "version": "0.0.1",
      "resolved": "https://registry.npmjs.org/concat-map/-/concat-map-0.0.1.tgz",
      "integrity": "sha512-/Srv4dswyQNBfohGpz9o6Yb3Gz3SrUDqBH5rTuhGR7ahtlbYKnVxw2bCFMRljaA7EXHaXZ8wsHdodFvbkhKmqg==",
      "dev": true
    },
    "node_modules/content-disposition": {
      "version": "0.5.4",
      "resolved": "https://registry.npmjs.org/content-disposition/-/content-disposition-0.5.4.tgz",
      "integrity": "sha512-FveZTNuGw04cxlAiWbzi6zTAL/lhehaWbTtgluJh4/E95DqMwTmha3KZN1aAWA8cFIhHzMZUvLevkw5Rqk+tSQ==",
      "dev": true,
      "dependencies": {
        "safe-buffer": "5.2.1"
      },
      "engines": {
        "node": ">= 0.6"
      }
    },
    "node_modules/content-disposition/node_modules/safe-buffer": {
      "version": "5.2.1",
      "resolved": "https://registry.npmjs.org/safe-buffer/-/safe-buffer-5.2.1.tgz",
      "integrity": "sha512-rp3So07KcdmmKbGvgaNxQSJr7bGVSVk5S9Eq1F+ppbRo70+YeaDxkw5Dd8NPN+GD6bjnYm2VuPuCXmpuYvmCXQ==",
      "dev": true,
      "funding": [
        {
          "type": "github",
          "url": "https://github.com/sponsors/feross"
        },
        {
          "type": "patreon",
          "url": "https://www.patreon.com/feross"
        },
        {
          "type": "consulting",
          "url": "https://feross.org/support"
        }
      ]
    },
    "node_modules/content-type": {
      "version": "1.0.5",
      "resolved": "https://registry.npmjs.org/content-type/-/content-type-1.0.5.tgz",
      "integrity": "sha512-nTjqfcBFEipKdXCv4YDQWCfmcLZKm81ldF0pAopTvyrFGVbcR6P/VAAd5G7N+0tTr8QqiU0tFadD6FK4NtJwOA==",
      "dev": true,
      "engines": {
        "node": ">= 0.6"
      }
    },
    "node_modules/cookie": {
      "version": "0.6.0",
      "resolved": "https://registry.npmjs.org/cookie/-/cookie-0.6.0.tgz",
      "integrity": "sha512-U71cyTamuh1CRNCfpGY6to28lxvNwPG4Guz/EVjgf3Jmzv0vlDp1atT9eS5dDjMYHucpHbWns6Lwf3BKz6svdw==",
      "dev": true,
      "engines": {
        "node": ">= 0.6"
      }
    },
    "node_modules/cookie-signature": {
      "version": "1.0.6",
      "resolved": "https://registry.npmjs.org/cookie-signature/-/cookie-signature-1.0.6.tgz",
      "integrity": "sha512-QADzlaHc8icV8I7vbaJXJwod9HWYp8uCqf1xa4OfNu1T7JVxQIrUgOWtHdNDtPiywmFbiS12VjotIXLrKM3orQ==",
      "dev": true
    },
    "node_modules/cordova-android": {
      "version": "12.0.1",
      "resolved": "https://registry.npmjs.org/cordova-android/-/cordova-android-12.0.1.tgz",
      "integrity": "sha512-6fXWoYb/X5AJlluhBg5RvOaX6iRxsvNH7yEOiXzUmLIflf5Ho7LtYCSKZaWMHh3f5cJe/sPCBKmFFBS+EWepVg==",
      "dev": true,
      "dependencies": {
        "android-versions": "^1.8.1",
        "cordova-common": "^5.0.0",
        "dedent": "^1.0.1",
        "execa": "^5.1.1",
        "fast-glob": "^3.2.12",
        "fs-extra": "^11.1.1",
        "is-path-inside": "^3.0.3",
        "nopt": "^7.1.0",
        "properties-parser": "^0.3.1",
        "semver": "^7.3.8",
        "string-argv": "^0.3.1",
        "untildify": "^4.0.0",
        "which": "^3.0.0"
      },
      "engines": {
        "node": ">=16.13.0"
      }
    },
    "node_modules/cordova-browser": {
      "version": "7.0.0",
      "resolved": "https://registry.npmjs.org/cordova-browser/-/cordova-browser-7.0.0.tgz",
      "integrity": "sha512-gNrjlIdtZYaQInPisTpcUdtTSSaYOApa2ew6ALXT9r8ZdsczTAlJigbVzRpOm/EP1HQw6gnMkeQhFZS9RN6nJg==",
      "dev": true,
      "dependencies": {
        "cordova-common": "^5.0.0",
        "cordova-serve": "^4.0.1",
        "nopt": "^7.1.0",
        "shelljs": "^0.8.5"
      },
      "bin": {
        "cordova-browser": "bin/create"
      },
      "engines": {
        "node": ">=16.13.0"
      }
    },
    "node_modules/cordova-common": {
      "version": "5.0.0",
      "resolved": "https://registry.npmjs.org/cordova-common/-/cordova-common-5.0.0.tgz",
      "integrity": "sha512-6Aa7o52/iEvsKx6K94ijzFel5acCULR49KL27OUVhEpJ4oS7Dc3y2eOP1Eu0P4Wmiw/eLEDQjGXGiAa2D5zFZA==",
      "dev": true,
      "dependencies": {
        "@netflix/nerror": "^1.1.3",
        "ansi": "^0.3.1",
        "bplist-parser": "^0.3.2",
        "cross-spawn": "^7.0.3",
        "elementtree": "^0.1.7",
        "endent": "^2.1.0",
        "fast-glob": "^3.2.12",
        "fs-extra": "^11.1.0",
        "glob": "^7.1.6",
        "lodash.assign": "^4.2.0",
        "lodash.isdate": "^4.0.1",
        "lodash.isobject": "^3.0.2",
        "lodash.zip": "^4.2.0",
        "plist": "^3.0.6",
        "q": "^1.5.1",
        "read-chunk": "^3.2.0",
        "strip-bom": "^4.0.0"
      },
      "engines": {
        "node": ">=16.0.0"
      }
    },
    "node_modules/cordova-serve": {
      "version": "4.0.1",
      "resolved": "https://registry.npmjs.org/cordova-serve/-/cordova-serve-4.0.1.tgz",
      "integrity": "sha512-YbfXaZ60yr5dkqmDFQgrU7TSKnzCqYsxHgIUzDeX8RggZb6mz1F9jMfUBbaYyaU7JjcuJ0aoRPYLvwSGQVhGkw==",
      "dev": true,
      "dependencies": {
        "chalk": "^3.0.0",
        "compression": "^1.7.4",
        "express": "^4.17.1",
        "open": "^7.0.3",
        "which": "^2.0.2"
      },
      "engines": {
        "node": ">= 10",
        "npm": ">= 5.6.0"
      }
    },
    "node_modules/cordova-serve/node_modules/which": {
      "version": "2.0.2",
      "resolved": "https://registry.npmjs.org/which/-/which-2.0.2.tgz",
      "integrity": "sha512-BLI3Tl1TW3Pvl70l3yq3Y64i+awpwXqsGBYWkkqMtnbXgrMD+yj7rhW0kuEDxzJaYXGjEW5ogapKNMEKNMjibA==",
      "dev": true,
      "dependencies": {
        "isexe": "^2.0.0"
      },
      "bin": {
        "node-which": "bin/node-which"
      },
      "engines": {
        "node": ">= 8"
      }
    },
    "node_modules/cross-spawn": {
      "version": "7.0.3",
      "resolved": "https://registry.npmjs.org/cross-spawn/-/cross-spawn-7.0.3.tgz",
      "integrity": "sha512-iRDPJKUPVEND7dHPO8rkbOnPpyDygcDFtWjpeWNCgy8WP2rXcxXL8TskReQl6OrB2G7+UJrags1q15Fudc7G6w==",
      "dev": true,
      "dependencies": {
        "path-key": "^3.1.0",
        "shebang-command": "^2.0.0",
        "which": "^2.0.1"
      },
      "engines": {
        "node": ">= 8"
      }
    },
    "node_modules/cross-spawn/node_modules/which": {
      "version": "2.0.2",
      "resolved": "https://registry.npmjs.org/which/-/which-2.0.2.tgz",
      "integrity": "sha512-BLI3Tl1TW3Pvl70l3yq3Y64i+awpwXqsGBYWkkqMtnbXgrMD+yj7rhW0kuEDxzJaYXGjEW5ogapKNMEKNMjibA==",
      "dev": true,
      "dependencies": {
        "isexe": "^2.0.0"
      },
      "bin": {
        "node-which": "bin/node-which"
      },
      "engines": {
        "node": ">= 8"
      }
    },
    "node_modules/debug": {
      "version": "2.6.9",
      "resolved": "https://registry.npmjs.org/debug/-/debug-2.6.9.tgz",
      "integrity": "sha512-bC7ElrdJaJnPbAP+1EotYvqZsb3ecl5wi6Bfi6BJTUcNowp6cvspg0jXznRTKDjm/E7AdgFBVeAPVMNcKGsHMA==",
      "dev": true,
      "dependencies": {
        "ms": "2.0.0"
      }
    },
    "node_modules/dedent": {
      "version": "1.5.1",
      "resolved": "https://registry.npmjs.org/dedent/-/dedent-1.5.1.tgz",
      "integrity": "sha512-+LxW+KLWxu3HW3M2w2ympwtqPrqYRzU8fqi6Fhd18fBALe15blJPI/I4+UHveMVG6lJqB4JNd4UG0S5cnVHwIg==",
      "dev": true,
      "peerDependencies": {
        "babel-plugin-macros": "^3.1.0"
      },
      "peerDependenciesMeta": {
        "babel-plugin-macros": {
          "optional": true
        }
      }
    },
    "node_modules/define-data-property": {
      "version": "1.1.4",
      "resolved": "https://registry.npmjs.org/define-data-property/-/define-data-property-1.1.4.tgz",
      "integrity": "sha512-rBMvIzlpA8v6E+SJZoo++HAYqsLrkg7MSfIinMPFhmkorw7X+dOXVJQs+QT69zGkzMyfDnIMN2Wid1+NbL3T+A==",
      "dev": true,
      "dependencies": {
        "es-define-property": "^1.0.0",
        "es-errors": "^1.3.0",
        "gopd": "^1.0.1"
      },
      "engines": {
        "node": ">= 0.4"
      },
      "funding": {
        "url": "https://github.com/sponsors/ljharb"
      }
    },
    "node_modules/depd": {
      "version": "2.0.0",
      "resolved": "https://registry.npmjs.org/depd/-/depd-2.0.0.tgz",
      "integrity": "sha512-g7nH6P6dyDioJogAAGprGpCtVImJhpPk/roCzdb3fIh61/s/nPsfR6onyMwkCAR/OlC3yBC0lESvUoQEAssIrw==",
      "dev": true,
      "engines": {
        "node": ">= 0.8"
      }
    },
    "node_modules/destroy": {
      "version": "1.2.0",
      "resolved": "https://registry.npmjs.org/destroy/-/destroy-1.2.0.tgz",
      "integrity": "sha512-2sJGJTaXIIaR1w4iJSNoN0hnMY7Gpc/n8D4qSCJw8QqFWXf7cuAgnEHxBpweaVcPevC2l3KpjYCx3NypQQgaJg==",
      "dev": true,
      "engines": {
        "node": ">= 0.8",
        "npm": "1.2.8000 || >= 1.4.16"
      }
    },
    "node_modules/ee-first": {
      "version": "1.1.1",
      "resolved": "https://registry.npmjs.org/ee-first/-/ee-first-1.1.1.tgz",
      "integrity": "sha512-WMwm9LhRUo+WUaRN+vRuETqG89IgZphVSNkdFgeb6sS/E4OrDIN7t48CAewSHXc6C8lefD8KKfr5vY61brQlow==",
      "dev": true
    },
    "node_modules/elementtree": {
      "version": "0.1.7",
      "resolved": "https://registry.npmjs.org/elementtree/-/elementtree-0.1.7.tgz",
      "integrity": "sha512-wkgGT6kugeQk/P6VZ/f4T+4HB41BVgNBq5CDIZVbQ02nvTVqAiVTbskxxu3eA/X96lMlfYOwnLQpN2v5E1zDEg==",
      "dev": true,
      "dependencies": {
        "sax": "1.1.4"
      },
      "engines": {
        "node": ">= 0.4.0"
      }
    },
    "node_modules/encodeurl": {
      "version": "1.0.2",
      "resolved": "https://registry.npmjs.org/encodeurl/-/encodeurl-1.0.2.tgz",
      "integrity": "sha512-TPJXq8JqFaVYm2CWmPvnP2Iyo4ZSM7/QKcSmuMLDObfpH5fi7RUGmd/rTDf+rut/saiDiQEeVTNgAmJEdAOx0w==",
      "dev": true,
      "engines": {
        "node": ">= 0.8"
      }
    },
    "node_modules/endent": {
      "version": "2.1.0",
      "resolved": "https://registry.npmjs.org/endent/-/endent-2.1.0.tgz",
      "integrity": "sha512-r8VyPX7XL8U01Xgnb1CjZ3XV+z90cXIJ9JPE/R9SEC9vpw2P6CfsRPJmp20DppC5N7ZAMCmjYkJIa744Iyg96w==",
      "dev": true,
      "dependencies": {
        "dedent": "^0.7.0",
        "fast-json-parse": "^1.0.3",
        "objectorarray": "^1.0.5"
      }
    },
    "node_modules/endent/node_modules/dedent": {
      "version": "0.7.0",
      "resolved": "https://registry.npmjs.org/dedent/-/dedent-0.7.0.tgz",
      "integrity": "sha512-Q6fKUPqnAHAyhiUgFU7BUzLiv0kd8saH9al7tnu5Q/okj6dnupxyTgFIBjVzJATdfIAm9NAsvXNzjaKa+bxVyA==",
      "dev": true
    },
    "node_modules/es-define-property": {
      "version": "1.0.0",
      "resolved": "https://registry.npmjs.org/es-define-property/-/es-define-property-1.0.0.tgz",
      "integrity": "sha512-jxayLKShrEqqzJ0eumQbVhTYQM27CfT1T35+gCgDFoL82JLsXqTJ76zv6A0YLOgEnLUMvLzsDsGIrl8NFpT2gQ==",
      "dev": true,
      "dependencies": {
        "get-intrinsic": "^1.2.4"
      },
      "engines": {
        "node": ">= 0.4"
      }
    },
    "node_modules/es-errors": {
      "version": "1.3.0",
      "resolved": "https://registry.npmjs.org/es-errors/-/es-errors-1.3.0.tgz",
      "integrity": "sha512-Zf5H2Kxt2xjTvbJvP2ZWLEICxA6j+hAmMzIlypy4xcBg1vKVnx89Wy0GbS+kf5cwCVFFzdCFh2XSCFNULS6csw==",
      "dev": true,
      "engines": {
        "node": ">= 0.4"
      }
    },
    "node_modules/escape-html": {
      "version": "1.0.3",
      "resolved": "https://registry.npmjs.org/escape-html/-/escape-html-1.0.3.tgz",
      "integrity": "sha512-NiSupZ4OeuGwr68lGIeym/ksIZMJodUGOSCZ/FSnTxcrekbvqrgdUxlJOMpijaKZVjAJrWrGs/6Jy8OMuyj9ow==",
      "dev": true
    },
    "node_modules/etag": {
      "version": "1.8.1",
      "resolved": "https://registry.npmjs.org/etag/-/etag-1.8.1.tgz",
      "integrity": "sha512-aIL5Fx7mawVa300al2BnEE4iNvo1qETxLrPI/o05L7z6go7fCw1J6EQmbK4FmJ2AS7kgVF/KEZWufBfdClMcPg==",
      "dev": true,
      "engines": {
        "node": ">= 0.6"
      }
    },
    "node_modules/execa": {
      "version": "5.1.1",
      "resolved": "https://registry.npmjs.org/execa/-/execa-5.1.1.tgz",
      "integrity": "sha512-8uSpZZocAZRBAPIEINJj3Lo9HyGitllczc27Eh5YYojjMFMn8yHMDMaUHE2Jqfq05D/wucwI4JGURyXt1vchyg==",
      "dev": true,
      "dependencies": {
        "cross-spawn": "^7.0.3",
        "get-stream": "^6.0.0",
        "human-signals": "^2.1.0",
        "is-stream": "^2.0.0",
        "merge-stream": "^2.0.0",
        "npm-run-path": "^4.0.1",
        "onetime": "^5.1.2",
        "signal-exit": "^3.0.3",
        "strip-final-newline": "^2.0.0"
      },
      "engines": {
        "node": ">=10"
      },
      "funding": {
        "url": "https://github.com/sindresorhus/execa?sponsor=1"
      }
    },
    "node_modules/express": {
      "version": "4.19.2",
      "resolved": "https://registry.npmjs.org/express/-/express-4.19.2.tgz",
      "integrity": "sha512-5T6nhjsT+EOMzuck8JjBHARTHfMht0POzlA60WV2pMD3gyXw2LZnZ+ueGdNxG+0calOJcWKbpFcuzLZ91YWq9Q==",
      "dev": true,
      "dependencies": {
        "accepts": "~1.3.8",
        "array-flatten": "1.1.1",
        "body-parser": "1.20.2",
        "content-disposition": "0.5.4",
        "content-type": "~1.0.4",
        "cookie": "0.6.0",
        "cookie-signature": "1.0.6",
        "debug": "2.6.9",
        "depd": "2.0.0",
        "encodeurl": "~1.0.2",
        "escape-html": "~1.0.3",
        "etag": "~1.8.1",
        "finalhandler": "1.2.0",
        "fresh": "0.5.2",
        "http-errors": "2.0.0",
        "merge-descriptors": "1.0.1",
        "methods": "~1.1.2",
        "on-finished": "2.4.1",
        "parseurl": "~1.3.3",
        "path-to-regexp": "0.1.7",
        "proxy-addr": "~2.0.7",
        "qs": "6.11.0",
        "range-parser": "~1.2.1",
        "safe-buffer": "5.2.1",
        "send": "0.18.0",
        "serve-static": "1.15.0",
        "setprototypeof": "1.2.0",
        "statuses": "2.0.1",
        "type-is": "~1.6.18",
        "utils-merge": "1.0.1",
        "vary": "~1.1.2"
      },
      "engines": {
        "node": ">= 0.10.0"
      }
    },
    "node_modules/express/node_modules/safe-buffer": {
      "version": "5.2.1",
      "resolved": "https://registry.npmjs.org/safe-buffer/-/safe-buffer-5.2.1.tgz",
      "integrity": "sha512-rp3So07KcdmmKbGvgaNxQSJr7bGVSVk5S9Eq1F+ppbRo70+YeaDxkw5Dd8NPN+GD6bjnYm2VuPuCXmpuYvmCXQ==",
      "dev": true,
      "funding": [
        {
          "type": "github",
          "url": "https://github.com/sponsors/feross"
        },
        {
          "type": "patreon",
          "url": "https://www.patreon.com/feross"
        },
        {
          "type": "consulting",
          "url": "https://feross.org/support"
        }
      ]
    },
    "node_modules/extsprintf": {
      "version": "1.4.1",
      "resolved": "https://registry.npmjs.org/extsprintf/-/extsprintf-1.4.1.tgz",
      "integrity": "sha512-Wrk35e8ydCKDj/ArClo1VrPVmN8zph5V4AtHwIuHhvMXsKf73UT3BOD+azBIW+3wOJ4FhEH7zyaJCFvChjYvMA==",
      "dev": true,
      "engines": [
        "node >=0.6.0"
      ]
    },
    "node_modules/fast-glob": {
      "version": "3.3.2",
      "resolved": "https://registry.npmjs.org/fast-glob/-/fast-glob-3.3.2.tgz",
      "integrity": "sha512-oX2ruAFQwf/Orj8m737Y5adxDQO0LAB7/S5MnxCdTNDd4p6BsyIVsv9JQsATbTSq8KHRpLwIHbVlUNatxd+1Ow==",
      "dev": true,
      "dependencies": {
        "@nodelib/fs.stat": "^2.0.2",
        "@nodelib/fs.walk": "^1.2.3",
        "glob-parent": "^5.1.2",
        "merge2": "^1.3.0",
        "micromatch": "^4.0.4"
      },
      "engines": {
        "node": ">=8.6.0"
      }
    },
    "node_modules/fast-json-parse": {
      "version": "1.0.3",
      "resolved": "https://registry.npmjs.org/fast-json-parse/-/fast-json-parse-1.0.3.tgz",
      "integrity": "sha512-FRWsaZRWEJ1ESVNbDWmsAlqDk96gPQezzLghafp5J4GUKjbCz3OkAHuZs5TuPEtkbVQERysLp9xv6c24fBm8Aw==",
      "dev": true
    },
    "node_modules/fastq": {
      "version": "1.17.1",
      "resolved": "https://registry.npmjs.org/fastq/-/fastq-1.17.1.tgz",
      "integrity": "sha512-sRVD3lWVIXWg6By68ZN7vho9a1pQcN/WBFaAAsDDFzlJjvoGx0P8z7V1t72grFJfJhu3YPZBuu25f7Kaw2jN1w==",
      "dev": true,
      "dependencies": {
        "reusify": "^1.0.4"
      }
    },
    "node_modules/fill-range": {
      "version": "7.0.1",
      "resolved": "https://registry.npmjs.org/fill-range/-/fill-range-7.0.1.tgz",
      "integrity": "sha512-qOo9F+dMUmC2Lcb4BbVvnKJxTPjCm+RRpe4gDuGrzkL7mEVl/djYSu2OdQ2Pa302N4oqkSg9ir6jaLWJ2USVpQ==",
      "dev": true,
      "dependencies": {
        "to-regex-range": "^5.0.1"
      },
      "engines": {
        "node": ">=8"
      }
    },
    "node_modules/finalhandler": {
      "version": "1.2.0",
      "resolved": "https://registry.npmjs.org/finalhandler/-/finalhandler-1.2.0.tgz",
      "integrity": "sha512-5uXcUVftlQMFnWC9qu/svkWv3GTd2PfUhK/3PLkYNAe7FbqJMt3515HaxE6eRL74GdsriiwujiawdaB1BpEISg==",
      "dev": true,
      "dependencies": {
        "debug": "2.6.9",
        "encodeurl": "~1.0.2",
        "escape-html": "~1.0.3",
        "on-finished": "2.4.1",
        "parseurl": "~1.3.3",
        "statuses": "2.0.1",
        "unpipe": "~1.0.0"
      },
      "engines": {
        "node": ">= 0.8"
      }
    },
    "node_modules/forwarded": {
      "version": "0.2.0",
      "resolved": "https://registry.npmjs.org/forwarded/-/forwarded-0.2.0.tgz",
      "integrity": "sha512-buRG0fpBtRHSTCOASe6hD258tEubFoRLb4ZNA6NxMVHNw2gOcwHo9wyablzMzOA5z9xA9L1KNjk/Nt6MT9aYow==",
      "dev": true,
      "engines": {
        "node": ">= 0.6"
      }
    },
    "node_modules/fresh": {
      "version": "0.5.2",
      "resolved": "https://registry.npmjs.org/fresh/-/fresh-0.5.2.tgz",
      "integrity": "sha512-zJ2mQYM18rEFOudeV4GShTGIQ7RbzA7ozbU9I/XBpm7kqgMywgmylMwXHxZJmkVoYkna9d2pVXVXPdYTP9ej8Q==",
      "dev": true,
      "engines": {
        "node": ">= 0.6"
      }
    },
    "node_modules/fs-extra": {
      "version": "11.2.0",
      "resolved": "https://registry.npmjs.org/fs-extra/-/fs-extra-11.2.0.tgz",
      "integrity": "sha512-PmDi3uwK5nFuXh7XDTlVnS17xJS7vW36is2+w3xcv8SVxiB4NyATf4ctkVY5bkSjX0Y4nbvZCq1/EjtEyr9ktw==",
      "dev": true,
      "dependencies": {
        "graceful-fs": "^4.2.0",
        "jsonfile": "^6.0.1",
        "universalify": "^2.0.0"
      },
      "engines": {
        "node": ">=14.14"
      }
    },
    "node_modules/fs.realpath": {
      "version": "1.0.0",
      "resolved": "https://registry.npmjs.org/fs.realpath/-/fs.realpath-1.0.0.tgz",
      "integrity": "sha512-OO0pH2lK6a0hZnAdau5ItzHPI6pUlvI7jMVnxUQRtw4owF2wk8lOSabtGDCTP4Ggrg2MbGnWO9X8K1t4+fGMDw==",
      "dev": true
    },
    "node_modules/function-bind": {
      "version": "1.1.2",
      "resolved": "https://registry.npmjs.org/function-bind/-/function-bind-1.1.2.tgz",
      "integrity": "sha512-7XHNxH7qX9xG5mIwxkhumTox/MIRNcOgDrxWsMt2pAr23WHp6MrRlN7FBSFpCpr+oVO0F744iUgR82nJMfG2SA==",
      "dev": true,
      "funding": {
        "url": "https://github.com/sponsors/ljharb"
      }
    },
    "node_modules/get-intrinsic": {
      "version": "1.2.4",
      "resolved": "https://registry.npmjs.org/get-intrinsic/-/get-intrinsic-1.2.4.tgz",
      "integrity": "sha512-5uYhsJH8VJBTv7oslg4BznJYhDoRI6waYCxMmCdnTrcCrHA/fCFKoTFz2JKKE0HdDFUF7/oQuhzumXJK7paBRQ==",
      "dev": true,
      "dependencies": {
        "es-errors": "^1.3.0",
        "function-bind": "^1.1.2",
        "has-proto": "^1.0.1",
        "has-symbols": "^1.0.3",
        "hasown": "^2.0.0"
      },
      "engines": {
        "node": ">= 0.4"
      },
      "funding": {
        "url": "https://github.com/sponsors/ljharb"
      }
    },
    "node_modules/get-stream": {
      "version": "6.0.1",
      "resolved": "https://registry.npmjs.org/get-stream/-/get-stream-6.0.1.tgz",
      "integrity": "sha512-ts6Wi+2j3jQjqi70w5AlN8DFnkSwC+MqmxEzdEALB2qXZYV3X/b1CTfgPLGJNMeAWxdPfU8FO1ms3NUfaHCPYg==",
      "dev": true,
      "engines": {
        "node": ">=10"
      },
      "funding": {
        "url": "https://github.com/sponsors/sindresorhus"
      }
    },
    "node_modules/glob": {
      "version": "7.2.3",
      "resolved": "https://registry.npmjs.org/glob/-/glob-7.2.3.tgz",
      "integrity": "sha512-nFR0zLpU2YCaRxwoCJvL6UvCH2JFyFVIvwTLsIf21AuHlMskA1hhTdk+LlYJtOlYt9v6dvszD2BGRqBL+iQK9Q==",
      "dev": true,
      "dependencies": {
        "fs.realpath": "^1.0.0",
        "inflight": "^1.0.4",
        "inherits": "2",
        "minimatch": "^3.1.1",
        "once": "^1.3.0",
        "path-is-absolute": "^1.0.0"
      },
      "engines": {
        "node": "*"
      },
      "funding": {
        "url": "https://github.com/sponsors/isaacs"
      }
    },
    "node_modules/glob-parent": {
      "version": "5.1.2",
      "resolved": "https://registry.npmjs.org/glob-parent/-/glob-parent-5.1.2.tgz",
      "integrity": "sha512-AOIgSQCepiJYwP3ARnGx+5VnTu2HBYdzbGP45eLw1vr3zB3vZLeyed1sC9hnbcOc9/SrMyM5RPQrkGz4aS9Zow==",
      "dev": true,
      "dependencies": {
        "is-glob": "^4.0.1"
      },
      "engines": {
        "node": ">= 6"
      }
    },
    "node_modules/gopd": {
      "version": "1.0.1",
      "resolved": "https://registry.npmjs.org/gopd/-/gopd-1.0.1.tgz",
      "integrity": "sha512-d65bNlIadxvpb/A2abVdlqKqV563juRnZ1Wtk6s1sIR8uNsXR70xqIzVqxVf1eTqDunwT2MkczEeaezCKTZhwA==",
      "dev": true,
      "dependencies": {
        "get-intrinsic": "^1.1.3"
      },
      "funding": {
        "url": "https://github.com/sponsors/ljharb"
      }
    },
    "node_modules/graceful-fs": {
      "version": "4.2.11",
      "resolved": "https://registry.npmjs.org/graceful-fs/-/graceful-fs-4.2.11.tgz",
      "integrity": "sha512-RbJ5/jmFcNNCcDV5o9eTnBLJ/HszWV0P73bc+Ff4nS/rJj+YaS6IGyiOL0VoBYX+l1Wrl3k63h/KrH+nhJ0XvQ==",
      "dev": true
    },
    "node_modules/has-flag": {
      "version": "4.0.0",
      "resolved": "https://registry.npmjs.org/has-flag/-/has-flag-4.0.0.tgz",
      "integrity": "sha512-EykJT/Q1KjTWctppgIAgfSO0tKVuZUjhgMr17kqTumMl6Afv3EISleU7qZUzoXDFTAHTDC4NOoG/ZxU3EvlMPQ==",
      "dev": true,
      "engines": {
        "node": ">=8"
      }
    },
    "node_modules/has-property-descriptors": {
      "version": "1.0.2",
      "resolved": "https://registry.npmjs.org/has-property-descriptors/-/has-property-descriptors-1.0.2.tgz",
      "integrity": "sha512-55JNKuIW+vq4Ke1BjOTjM2YctQIvCT7GFzHwmfZPGo5wnrgkid0YQtnAleFSqumZm4az3n2BS+erby5ipJdgrg==",
      "dev": true,
      "dependencies": {
        "es-define-property": "^1.0.0"
      },
      "funding": {
        "url": "https://github.com/sponsors/ljharb"
      }
    },
    "node_modules/has-proto": {
      "version": "1.0.3",
      "resolved": "https://registry.npmjs.org/has-proto/-/has-proto-1.0.3.tgz",
      "integrity": "sha512-SJ1amZAJUiZS+PhsVLf5tGydlaVB8EdFpaSO4gmiUKUOxk8qzn5AIy4ZeJUmh22znIdk/uMAUT2pl3FxzVUH+Q==",
      "dev": true,
      "engines": {
        "node": ">= 0.4"
      },
      "funding": {
        "url": "https://github.com/sponsors/ljharb"
      }
    },
    "node_modules/has-symbols": {
      "version": "1.0.3",
      "resolved": "https://registry.npmjs.org/has-symbols/-/has-symbols-1.0.3.tgz",
      "integrity": "sha512-l3LCuF6MgDNwTDKkdYGEihYjt5pRPbEg46rtlmnSPlUbgmB8LOIrKJbYYFBSbnPaJexMKtiPO8hmeRjRz2Td+A==",
      "dev": true,
      "engines": {
        "node": ">= 0.4"
      },
      "funding": {
        "url": "https://github.com/sponsors/ljharb"
      }
    },
    "node_modules/hasown": {
      "version": "2.0.2",
      "resolved": "https://registry.npmjs.org/hasown/-/hasown-2.0.2.tgz",
      "integrity": "sha512-0hJU9SCPvmMzIBdZFqNPXWa6dqh7WdH0cII9y+CyS8rG3nL48Bclra9HmKhVVUHyPWNH5Y7xDwAB7bfgSjkUMQ==",
      "dev": true,
      "dependencies": {
        "function-bind": "^1.1.2"
      },
      "engines": {
        "node": ">= 0.4"
      }
    },
    "node_modules/http-errors": {
      "version": "2.0.0",
      "resolved": "https://registry.npmjs.org/http-errors/-/http-errors-2.0.0.tgz",
      "integrity": "sha512-FtwrG/euBzaEjYeRqOgly7G0qviiXoJWnvEH2Z1plBdXgbyjv34pHTSb9zoeHMyDy33+DWy5Wt9Wo+TURtOYSQ==",
      "dev": true,
      "dependencies": {
        "depd": "2.0.0",
        "inherits": "2.0.4",
        "setprototypeof": "1.2.0",
        "statuses": "2.0.1",
        "toidentifier": "1.0.1"
      },
      "engines": {
        "node": ">= 0.8"
      }
    },
    "node_modules/human-signals": {
      "version": "2.1.0",
      "resolved": "https://registry.npmjs.org/human-signals/-/human-signals-2.1.0.tgz",
      "integrity": "sha512-B4FFZ6q/T2jhhksgkbEW3HBvWIfDW85snkQgawt07S7J5QXTk6BkNV+0yAeZrM5QpMAdYlocGoljn0sJ/WQkFw==",
      "dev": true,
      "engines": {
        "node": ">=10.17.0"
      }
    },
    "node_modules/iconv-lite": {
      "version": "0.4.24",
      "resolved": "https://registry.npmjs.org/iconv-lite/-/iconv-lite-0.4.24.tgz",
      "integrity": "sha512-v3MXnZAcvnywkTUEZomIActle7RXXeedOR31wwl7VlyoXO4Qi9arvSenNQWne1TcRwhCL1HwLI21bEqdpj8/rA==",
      "dev": true,
      "dependencies": {
        "safer-buffer": ">= 2.1.2 < 3"
      },
      "engines": {
        "node": ">=0.10.0"
      }
    },
    "node_modules/inflight": {
      "version": "1.0.6",
      "resolved": "https://registry.npmjs.org/inflight/-/inflight-1.0.6.tgz",
      "integrity": "sha512-k92I/b08q4wvFscXCLvqfsHCrjrF7yiXsQuIVvVE7N82W3+aqpzuUdBbfhWcy/FZR3/4IgflMgKLOsvPDrGCJA==",
      "dev": true,
      "dependencies": {
        "once": "^1.3.0",
        "wrappy": "1"
      }
    },
    "node_modules/inherits": {
      "version": "2.0.4",
      "resolved": "https://registry.npmjs.org/inherits/-/inherits-2.0.4.tgz",
      "integrity": "sha512-k/vGaX4/Yla3WzyMCvTQOXYeIHvqOKtnqBduzTHpzpQZzAskKMhZ2K+EnBiSM9zGSoIFeMpXKxa4dYeZIQqewQ==",
      "dev": true
    },
    "node_modules/interpret": {
      "version": "1.4.0",
      "resolved": "https://registry.npmjs.org/interpret/-/interpret-1.4.0.tgz",
      "integrity": "sha512-agE4QfB2Lkp9uICn7BAqoscw4SZP9kTE2hxiFI3jBPmXJfdqiahTbUuKGsMoN2GtqL9AxhYioAcVvgsb1HvRbA==",
      "dev": true,
      "engines": {
        "node": ">= 0.10"
      }
    },
    "node_modules/ipaddr.js": {
      "version": "1.9.1",
      "resolved": "https://registry.npmjs.org/ipaddr.js/-/ipaddr.js-1.9.1.tgz",
      "integrity": "sha512-0KI/607xoxSToH7GjN1FfSbLoU0+btTicjsQSWQlh/hZykN8KpmMf7uYwPW3R+akZ6R/w18ZlXSHBYXiYUPO3g==",
      "dev": true,
      "engines": {
        "node": ">= 0.10"
      }
    },
    "node_modules/is-core-module": {
      "version": "2.13.1",
      "resolved": "https://registry.npmjs.org/is-core-module/-/is-core-module-2.13.1.tgz",
      "integrity": "sha512-hHrIjvZsftOsvKSn2TRYl63zvxsgE0K+0mYMoH6gD4omR5IWB2KynivBQczo3+wF1cCkjzvptnI9Q0sPU66ilw==",
      "dev": true,
      "dependencies": {
        "hasown": "^2.0.0"
      },
      "funding": {
        "url": "https://github.com/sponsors/ljharb"
      }
    },
    "node_modules/is-docker": {
      "version": "2.2.1",
      "resolved": "https://registry.npmjs.org/is-docker/-/is-docker-2.2.1.tgz",
      "integrity": "sha512-F+i2BKsFrH66iaUFc0woD8sLy8getkwTwtOBjvs56Cx4CgJDeKQeqfz8wAYiSb8JOprWhHH5p77PbmYCvvUuXQ==",
      "dev": true,
      "bin": {
        "is-docker": "cli.js"
      },
      "engines": {
        "node": ">=8"
      },
      "funding": {
        "url": "https://github.com/sponsors/sindresorhus"
      }
    },
    "node_modules/is-extglob": {
      "version": "2.1.1",
      "resolved": "https://registry.npmjs.org/is-extglob/-/is-extglob-2.1.1.tgz",
      "integrity": "sha512-SbKbANkN603Vi4jEZv49LeVJMn4yGwsbzZworEoyEiutsN3nJYdbO36zfhGJ6QEDpOZIFkDtnq5JRxmvl3jsoQ==",
      "dev": true,
      "engines": {
        "node": ">=0.10.0"
      }
    },
    "node_modules/is-glob": {
      "version": "4.0.3",
      "resolved": "https://registry.npmjs.org/is-glob/-/is-glob-4.0.3.tgz",
      "integrity": "sha512-xelSayHH36ZgE7ZWhli7pW34hNbNl8Ojv5KVmkJD4hBdD3th8Tfk9vYasLM+mXWOZhFkgZfxhLSnrwRr4elSSg==",
      "dev": true,
      "dependencies": {
        "is-extglob": "^2.1.1"
      },
      "engines": {
        "node": ">=0.10.0"
      }
    },
    "node_modules/is-number": {
      "version": "7.0.0",
      "resolved": "https://registry.npmjs.org/is-number/-/is-number-7.0.0.tgz",
      "integrity": "sha512-41Cifkg6e8TylSpdtTpeLVMqvSBEVzTttHvERD741+pnZ8ANv0004MRL43QKPDlK9cGvNp6NZWZUBlbGXYxxng==",
      "dev": true,
      "engines": {
        "node": ">=0.12.0"
      }
    },
    "node_modules/is-path-inside": {
      "version": "3.0.3",
      "resolved": "https://registry.npmjs.org/is-path-inside/-/is-path-inside-3.0.3.tgz",
      "integrity": "sha512-Fd4gABb+ycGAmKou8eMftCupSir5lRxqf4aD/vd0cD2qc4HL07OjCeuHMr8Ro4CoMaeCKDB0/ECBOVWjTwUvPQ==",
      "dev": true,
      "engines": {
        "node": ">=8"
      }
    },
    "node_modules/is-stream": {
      "version": "2.0.1",
      "resolved": "https://registry.npmjs.org/is-stream/-/is-stream-2.0.1.tgz",
      "integrity": "sha512-hFoiJiTl63nn+kstHGBtewWSKnQLpyb155KHheA1l39uvtO9nWIop1p3udqPcUd/xbF1VLMO4n7OI6p7RbngDg==",
      "dev": true,
      "engines": {
        "node": ">=8"
      },
      "funding": {
        "url": "https://github.com/sponsors/sindresorhus"
      }
    },
    "node_modules/is-wsl": {
      "version": "2.2.0",
      "resolved": "https://registry.npmjs.org/is-wsl/-/is-wsl-2.2.0.tgz",
      "integrity": "sha512-fKzAra0rGJUUBwGBgNkHZuToZcn+TtXHpeCgmkMJMMYx1sQDYaCSyjJBSCa2nH1DGm7s3n1oBnohoVTBaN7Lww==",
      "dev": true,
      "dependencies": {
        "is-docker": "^2.0.0"
      },
      "engines": {
        "node": ">=8"
      }
    },
    "node_modules/isexe": {
      "version": "2.0.0",
      "resolved": "https://registry.npmjs.org/isexe/-/isexe-2.0.0.tgz",
      "integrity": "sha512-RHxMLp9lnKHGHRng9QFhRCMbYAcVpn69smSGcq3f36xjgVVWThj4qqLbTLlq7Ssj8B+fIQ1EuCEGI2lKsyQeIw==",
      "dev": true
    },
    "node_modules/jsonfile": {
      "version": "6.1.0",
      "resolved": "https://registry.npmjs.org/jsonfile/-/jsonfile-6.1.0.tgz",
      "integrity": "sha512-5dgndWOriYSm5cnYaJNhalLNDKOqFwyDB/rr1E9ZsGciGvKPs8R2xYGCacuf3z6K1YKDz182fd+fY3cn3pMqXQ==",
      "dev": true,
      "dependencies": {
        "universalify": "^2.0.0"
      },
      "optionalDependencies": {
        "graceful-fs": "^4.1.6"
      }
    },
    "node_modules/lodash": {
      "version": "4.17.21",
      "resolved": "https://registry.npmjs.org/lodash/-/lodash-4.17.21.tgz",
      "integrity": "sha512-v2kDEe57lecTulaDIuNTPy3Ry4gLGJ6Z1O3vE1krgXZNrsQ+LFTGHVxVjcXPs17LhbZVGedAJv8XZ1tvj5FvSg==",
      "dev": true
    },
    "node_modules/lodash.assign": {
      "version": "4.2.0",
      "resolved": "https://registry.npmjs.org/lodash.assign/-/lodash.assign-4.2.0.tgz",
      "integrity": "sha512-hFuH8TY+Yji7Eja3mGiuAxBqLagejScbG8GbG0j6o9vzn0YL14My+ktnqtZgFTosKymC9/44wP6s7xyuLfnClw==",
      "dev": true
    },
    "node_modules/lodash.isdate": {
      "version": "4.0.1",
      "resolved": "https://registry.npmjs.org/lodash.isdate/-/lodash.isdate-4.0.1.tgz",
      "integrity": "sha512-hg5B1GD+R9egsBgMwmAhk+V53Us03TVvXT4dnyKugEfsD4QKuG9Wlyvxq8OGy2nu7qVGsh4DRSnMk33hoWBq/Q==",
      "dev": true
    },
    "node_modules/lodash.isobject": {
      "version": "3.0.2",
      "resolved": "https://registry.npmjs.org/lodash.isobject/-/lodash.isobject-3.0.2.tgz",
      "integrity": "sha512-3/Qptq2vr7WeJbB4KHUSKlq8Pl7ASXi3UG6CMbBm8WRtXi8+GHm7mKaU3urfpSEzWe2wCIChs6/sdocUsTKJiA==",
      "dev": true
    },
    "node_modules/lodash.zip": {
      "version": "4.2.0",
      "resolved": "https://registry.npmjs.org/lodash.zip/-/lodash.zip-4.2.0.tgz",
      "integrity": "sha512-C7IOaBBK/0gMORRBd8OETNx3kmOkgIWIPvyDpZSCTwUrpYmgZwJkjZeOD8ww4xbOUOs4/attY+pciKvadNfFbg==",
      "dev": true
    },
    "node_modules/lru-cache": {
      "version": "6.0.0",
      "resolved": "https://registry.npmjs.org/lru-cache/-/lru-cache-6.0.0.tgz",
      "integrity": "sha512-Jo6dJ04CmSjuznwJSS3pUeWmd/H0ffTlkXXgwZi+eq1UCmqQwCh+eLsYOYCwY991i2Fah4h1BEMCx4qThGbsiA==",
      "dev": true,
      "dependencies": {
        "yallist": "^4.0.0"
      },
      "engines": {
        "node": ">=10"
      }
    },
    "node_modules/media-typer": {
      "version": "0.3.0",
      "resolved": "https://registry.npmjs.org/media-typer/-/media-typer-0.3.0.tgz",
      "integrity": "sha512-dq+qelQ9akHpcOl/gUVRTxVIOkAJ1wR3QAvb4RsVjS8oVoFjDGTc679wJYmUmknUF5HwMLOgb5O+a3KxfWapPQ==",
      "dev": true,
      "engines": {
        "node": ">= 0.6"
      }
    },
    "node_modules/merge-descriptors": {
      "version": "1.0.1",
      "resolved": "https://registry.npmjs.org/merge-descriptors/-/merge-descriptors-1.0.1.tgz",
      "integrity": "sha512-cCi6g3/Zr1iqQi6ySbseM1Xvooa98N0w31jzUYrXPX2xqObmFGHJ0tQ5u74H3mVh7wLouTseZyYIq39g8cNp1w==",
      "dev": true
    },
    "node_modules/merge-stream": {
      "version": "2.0.0",
      "resolved": "https://registry.npmjs.org/merge-stream/-/merge-stream-2.0.0.tgz",
      "integrity": "sha512-abv/qOcuPfk3URPfDzmZU1LKmuw8kT+0nIHvKrKgFrwifol/doWcdA4ZqsWQ8ENrFKkd67Mfpo/LovbIUsbt3w==",
      "dev": true
    },
    "node_modules/merge2": {
      "version": "1.4.1",
      "resolved": "https://registry.npmjs.org/merge2/-/merge2-1.4.1.tgz",
      "integrity": "sha512-8q7VEgMJW4J8tcfVPy8g09NcQwZdbwFEqhe/WZkoIzjn/3TGDwtOCYtXGxA3O8tPzpczCCDgv+P2P5y00ZJOOg==",
      "dev": true,
      "engines": {
        "node": ">= 8"
      }
    },
    "node_modules/methods": {
      "version": "1.1.2",
      "resolved": "https://registry.npmjs.org/methods/-/methods-1.1.2.tgz",
      "integrity": "sha512-iclAHeNqNm68zFtnZ0e+1L2yUIdvzNoauKU4WBA3VvH/vPFieF7qfRlwUZU+DA9P9bPXIS90ulxoUoCH23sV2w==",
      "dev": true,
      "engines": {
        "node": ">= 0.6"
      }
    },
    "node_modules/micromatch": {
      "version": "4.0.5",
      "resolved": "https://registry.npmjs.org/micromatch/-/micromatch-4.0.5.tgz",
      "integrity": "sha512-DMy+ERcEW2q8Z2Po+WNXuw3c5YaUSFjAO5GsJqfEl7UjvtIuFKO6ZrKvcItdy98dwFI2N1tg3zNIdKaQT+aNdA==",
      "dev": true,
      "dependencies": {
        "braces": "^3.0.2",
        "picomatch": "^2.3.1"
      },
      "engines": {
        "node": ">=8.6"
      }
    },
    "node_modules/mime": {
      "version": "1.6.0",
      "resolved": "https://registry.npmjs.org/mime/-/mime-1.6.0.tgz",
      "integrity": "sha512-x0Vn8spI+wuJ1O6S7gnbaQg8Pxh4NNHb7KSINmEWKiPE4RKOplvijn+NkmYmmRgP68mc70j2EbeTFRsrswaQeg==",
      "dev": true,
      "bin": {
        "mime": "cli.js"
      },
      "engines": {
        "node": ">=4"
      }
    },
    "node_modules/mime-db": {
      "version": "1.52.0",
      "resolved": "https://registry.npmjs.org/mime-db/-/mime-db-1.52.0.tgz",
      "integrity": "sha512-sPU4uV7dYlvtWJxwwxHD0PuihVNiE7TyAbQ5SWxDCB9mUYvOgroQOwYQQOKPJ8CIbE+1ETVlOoK1UC2nU3gYvg==",
      "dev": true,
      "engines": {
        "node": ">= 0.6"
      }
    },
    "node_modules/mime-types": {
      "version": "2.1.35",
      "resolved": "https://registry.npmjs.org/mime-types/-/mime-types-2.1.35.tgz",
      "integrity": "sha512-ZDY+bPm5zTTF+YpCrAU9nK0UgICYPT0QtT1NZWFv4s++TNkcgVaT0g6+4R2uI4MjQjzysHB1zxuWL50hzaeXiw==",
      "dev": true,
      "dependencies": {
        "mime-db": "1.52.0"
      },
      "engines": {
        "node": ">= 0.6"
      }
    },
    "node_modules/mimic-fn": {
      "version": "2.1.0",
      "resolved": "https://registry.npmjs.org/mimic-fn/-/mimic-fn-2.1.0.tgz",
      "integrity": "sha512-OqbOk5oEQeAZ8WXWydlu9HJjz9WVdEIvamMCcXmuqUYjTknH/sqsWvhQ3vgwKFRR1HpjvNBKQ37nbJgYzGqGcg==",
      "dev": true,
      "engines": {
        "node": ">=6"
      }
    },
    "node_modules/minimatch": {
      "version": "3.1.2",
      "resolved": "https://registry.npmjs.org/minimatch/-/minimatch-3.1.2.tgz",
      "integrity": "sha512-J7p63hRiAjw1NDEww1W7i37+ByIrOWO5XQQAzZ3VOcL0PNybwpfmV/N05zFAzwQ9USyEcX6t3UO+K5aqBQOIHw==",
      "dev": true,
      "dependencies": {
        "brace-expansion": "^1.1.7"
      },
      "engines": {
        "node": "*"
      }
    },
    "node_modules/ms": {
      "version": "2.0.0",
      "resolved": "https://registry.npmjs.org/ms/-/ms-2.0.0.tgz",
      "integrity": "sha512-Tpp60P6IUJDTuOq/5Z8cdskzJujfwqfOTkrwIwj7IRISpnkJnT6SyJ4PCPnGMoFjC9ddhal5KVIYtAt97ix05A==",
      "dev": true
    },
    "node_modules/negotiator": {
      "version": "0.6.3",
      "resolved": "https://registry.npmjs.org/negotiator/-/negotiator-0.6.3.tgz",
      "integrity": "sha512-+EUsqGPLsM+j/zdChZjsnX51g4XrHFOIXwfnCVPGlQk/k5giakcKsuxCObBRu6DSm9opw/O6slWbJdghQM4bBg==",
      "dev": true,
      "engines": {
        "node": ">= 0.6"
      }
    },
    "node_modules/nopt": {
      "version": "7.2.0",
      "resolved": "https://registry.npmjs.org/nopt/-/nopt-7.2.0.tgz",
      "integrity": "sha512-CVDtwCdhYIvnAzFoJ6NJ6dX3oga9/HyciQDnG1vQDjSLMeKLJ4A93ZqYKDrgYSr1FBY5/hMYC+2VCi24pgpkGA==",
      "dev": true,
      "dependencies": {
        "abbrev": "^2.0.0"
      },
      "bin": {
        "nopt": "bin/nopt.js"
      },
      "engines": {
        "node": "^14.17.0 || ^16.13.0 || >=18.0.0"
      }
    },
    "node_modules/npm-run-path": {
      "version": "4.0.1",
      "resolved": "https://registry.npmjs.org/npm-run-path/-/npm-run-path-4.0.1.tgz",
      "integrity": "sha512-S48WzZW777zhNIrn7gxOlISNAqi9ZC/uQFnRdbeIHhZhCA6UqpkOT8T1G7BvfdgP4Er8gF4sUbaS0i7QvIfCWw==",
      "dev": true,
      "dependencies": {
        "path-key": "^3.0.0"
      },
      "engines": {
        "node": ">=8"
      }
    },
    "node_modules/object-inspect": {
      "version": "1.13.1",
      "resolved": "https://registry.npmjs.org/object-inspect/-/object-inspect-1.13.1.tgz",
      "integrity": "sha512-5qoj1RUiKOMsCCNLV1CBiPYE10sziTsnmNxkAI/rZhiD63CF7IqdFGC/XzjWjpSgLf0LxXX3bDFIh0E18f6UhQ==",
      "dev": true,
      "funding": {
        "url": "https://github.com/sponsors/ljharb"
      }
    },
    "node_modules/objectorarray": {
      "version": "1.0.5",
      "resolved": "https://registry.npmjs.org/objectorarray/-/objectorarray-1.0.5.tgz",
      "integrity": "sha512-eJJDYkhJFFbBBAxeh8xW+weHlkI28n2ZdQV/J/DNfWfSKlGEf2xcfAbZTv3riEXHAhL9SVOTs2pRmXiSTf78xg==",
      "dev": true
    },
    "node_modules/on-finished": {
      "version": "2.4.1",
      "resolved": "https://registry.npmjs.org/on-finished/-/on-finished-2.4.1.tgz",
      "integrity": "sha512-oVlzkg3ENAhCk2zdv7IJwd/QUD4z2RxRwpkcGY8psCVcCYZNq4wYnVWALHM+brtuJjePWiYF/ClmuDr8Ch5+kg==",
      "dev": true,
      "dependencies": {
        "ee-first": "1.1.1"
      },
      "engines": {
        "node": ">= 0.8"
      }
    },
    "node_modules/on-headers": {
      "version": "1.0.2",
      "resolved": "https://registry.npmjs.org/on-headers/-/on-headers-1.0.2.tgz",
      "integrity": "sha512-pZAE+FJLoyITytdqK0U5s+FIpjN0JP3OzFi/u8Rx+EV5/W+JTWGXG8xFzevE7AjBfDqHv/8vL8qQsIhHnqRkrA==",
      "dev": true,
      "engines": {
        "node": ">= 0.8"
      }
    },
    "node_modules/once": {
      "version": "1.4.0",
      "resolved": "https://registry.npmjs.org/once/-/once-1.4.0.tgz",
      "integrity": "sha512-lNaJgI+2Q5URQBkccEKHTQOPaXdUxnZZElQTZY0MFUAuaEqe1E+Nyvgdz/aIyNi6Z9MzO5dv1H8n58/GELp3+w==",
      "dev": true,
      "dependencies": {
        "wrappy": "1"
      }
    },
    "node_modules/onetime": {
      "version": "5.1.2",
      "resolved": "https://registry.npmjs.org/onetime/-/onetime-5.1.2.tgz",
      "integrity": "sha512-kbpaSSGJTWdAY5KPVeMOKXSrPtr8C8C7wodJbcsd51jRnmD+GZu8Y0VoU6Dm5Z4vWr0Ig/1NKuWRKf7j5aaYSg==",
      "dev": true,
      "dependencies": {
        "mimic-fn": "^2.1.0"
      },
      "engines": {
        "node": ">=6"
      },
      "funding": {
        "url": "https://github.com/sponsors/sindresorhus"
      }
    },
    "node_modules/open": {
      "version": "7.4.2",
      "resolved": "https://registry.npmjs.org/open/-/open-7.4.2.tgz",
      "integrity": "sha512-MVHddDVweXZF3awtlAS+6pgKLlm/JgxZ90+/NBurBoQctVOOB/zDdVjcyPzQ+0laDGbsWgrRkflI65sQeOgT9Q==",
      "dev": true,
      "dependencies": {
        "is-docker": "^2.0.0",
        "is-wsl": "^2.1.1"
      },
      "engines": {
        "node": ">=8"
      },
      "funding": {
        "url": "https://github.com/sponsors/sindresorhus"
      }
    },
    "node_modules/p-finally": {
      "version": "1.0.0",
      "resolved": "https://registry.npmjs.org/p-finally/-/p-finally-1.0.0.tgz",
      "integrity": "sha512-LICb2p9CB7FS+0eR1oqWnHhp0FljGLZCWBE9aix0Uye9W8LTQPwMTYVGWQWIw9RdQiDg4+epXQODwIYJtSJaow==",
      "dev": true,
      "engines": {
        "node": ">=4"
      }
    },
    "node_modules/p-try": {
      "version": "2.2.0",
      "resolved": "https://registry.npmjs.org/p-try/-/p-try-2.2.0.tgz",
      "integrity": "sha512-R4nPAVTAU0B9D35/Gk3uJf/7XYbQcyohSKdvAxIRSNghFl4e71hVoGnBNQz9cWaXxO2I10KTC+3jMdvvoKw6dQ==",
      "dev": true,
      "engines": {
        "node": ">=6"
      }
    },
    "node_modules/parseurl": {
      "version": "1.3.3",
      "resolved": "https://registry.npmjs.org/parseurl/-/parseurl-1.3.3.tgz",
      "integrity": "sha512-CiyeOxFT/JZyN5m0z9PfXw4SCBJ6Sygz1Dpl0wqjlhDEGGBP1GnsUVEL0p63hoG1fcj3fHynXi9NYO4nWOL+qQ==",
      "dev": true,
      "engines": {
        "node": ">= 0.8"
      }
    },
    "node_modules/path-is-absolute": {
      "version": "1.0.1",
      "resolved": "https://registry.npmjs.org/path-is-absolute/-/path-is-absolute-1.0.1.tgz",
      "integrity": "sha512-AVbw3UJ2e9bq64vSaS9Am0fje1Pa8pbGqTTsmXfaIiMpnr5DlDhfJOuLj9Sf95ZPVDAUerDfEk88MPmPe7UCQg==",
      "dev": true,
      "engines": {
        "node": ">=0.10.0"
      }
    },
    "node_modules/path-key": {
      "version": "3.1.1",
      "resolved": "https://registry.npmjs.org/path-key/-/path-key-3.1.1.tgz",
      "integrity": "sha512-ojmeN0qd+y0jszEtoY48r0Peq5dwMEkIlCOu6Q5f41lfkswXuKtYrhgoTpLnyIcHm24Uhqx+5Tqm2InSwLhE6Q==",
      "dev": true,
      "engines": {
        "node": ">=8"
      }
    },
    "node_modules/path-parse": {
      "version": "1.0.7",
      "resolved": "https://registry.npmjs.org/path-parse/-/path-parse-1.0.7.tgz",
      "integrity": "sha512-LDJzPVEEEPR+y48z93A0Ed0yXb8pAByGWo/k5YYdYgpY2/2EsOsksJrq7lOHxryrVOn1ejG6oAp8ahvOIQD8sw==",
      "dev": true
    },
    "node_modules/path-to-regexp": {
      "version": "0.1.7",
      "resolved": "https://registry.npmjs.org/path-to-regexp/-/path-to-regexp-0.1.7.tgz",
      "integrity": "sha512-5DFkuoqlv1uYQKxy8omFBeJPQcdoE07Kv2sferDCrAq1ohOU+MSDswDIbnx3YAM60qIOnYa53wBhXW0EbMonrQ==",
      "dev": true
    },
    "node_modules/picomatch": {
      "version": "2.3.1",
      "resolved": "https://registry.npmjs.org/picomatch/-/picomatch-2.3.1.tgz",
      "integrity": "sha512-JU3teHTNjmE2VCGFzuY8EXzCDVwEqB2a8fsIvwaStHhAWJEeVd1o1QD80CU6+ZdEXXSLbSsuLwJjkCBWqRQUVA==",
      "dev": true,
      "engines": {
        "node": ">=8.6"
      },
      "funding": {
        "url": "https://github.com/sponsors/jonschlinkert"
      }
    },
    "node_modules/pify": {
      "version": "4.0.1",
      "resolved": "https://registry.npmjs.org/pify/-/pify-4.0.1.tgz",
      "integrity": "sha512-uB80kBFb/tfd68bVleG9T5GGsGPjJrLAUpR5PZIrhBnIaRTQRjqdJSsIKkOP6OAIFbj7GOrcudc5pNjZ+geV2g==",
      "dev": true,
      "engines": {
        "node": ">=6"
      }
    },
    "node_modules/plist": {
      "version": "3.1.0",
      "resolved": "https://registry.npmjs.org/plist/-/plist-3.1.0.tgz",
      "integrity": "sha512-uysumyrvkUX0rX/dEVqt8gC3sTBzd4zoWfLeS29nb53imdaXVvLINYXTI2GNqzaMuvacNx4uJQ8+b3zXR0pkgQ==",
      "dev": true,
      "dependencies": {
        "@xmldom/xmldom": "^0.8.8",
        "base64-js": "^1.5.1",
        "xmlbuilder": "^15.1.1"
      },
      "engines": {
        "node": ">=10.4.0"
      }
    },
    "node_modules/properties-parser": {
      "version": "0.3.1",
      "resolved": "https://registry.npmjs.org/properties-parser/-/properties-parser-0.3.1.tgz",
      "integrity": "sha512-AkSQxQAviJ89x4FIxOyHGfO3uund0gvYo7lfD0E+Gp7gFQKrTNgtoYQklu8EhrfHVZUzTwKGZx2r/KDSfnljcA==",
      "dev": true,
      "dependencies": {
        "string.prototype.codepointat": "^0.2.0"
      },
      "engines": {
        "node": ">= 0.3.1"
      }
    },
    "node_modules/proxy-addr": {
      "version": "2.0.7",
      "resolved": "https://registry.npmjs.org/proxy-addr/-/proxy-addr-2.0.7.tgz",
      "integrity": "sha512-llQsMLSUDUPT44jdrU/O37qlnifitDP+ZwrmmZcoSKyLKvtZxpyV0n2/bD/N4tBAAZ/gJEdZU7KMraoK1+XYAg==",
      "dev": true,
      "dependencies": {
        "forwarded": "0.2.0",
        "ipaddr.js": "1.9.1"
      },
      "engines": {
        "node": ">= 0.10"
      }
    },
    "node_modules/q": {
      "version": "1.5.1",
      "resolved": "https://registry.npmjs.org/q/-/q-1.5.1.tgz",
      "integrity": "sha512-kV/CThkXo6xyFEZUugw/+pIOywXcDbFYgSct5cT3gqlbkBE1SJdwy6UQoZvodiWF/ckQLZyDE/Bu1M6gVu5lVw==",
      "dev": true,
      "engines": {
        "node": ">=0.6.0",
        "teleport": ">=0.2.0"
      }
    },
    "node_modules/qs": {
      "version": "6.11.0",
      "resolved": "https://registry.npmjs.org/qs/-/qs-6.11.0.tgz",
      "integrity": "sha512-MvjoMCJwEarSbUYk5O+nmoSzSutSsTwF85zcHPQ9OrlFoZOYIjaqBAJIqIXjptyD5vThxGq52Xu/MaJzRkIk4Q==",
      "dev": true,
      "dependencies": {
        "side-channel": "^1.0.4"
      },
      "engines": {
        "node": ">=0.6"
      },
      "funding": {
        "url": "https://github.com/sponsors/ljharb"
      }
    },
    "node_modules/queue-microtask": {
      "version": "1.2.3",
      "resolved": "https://registry.npmjs.org/queue-microtask/-/queue-microtask-1.2.3.tgz",
      "integrity": "sha512-NuaNSa6flKT5JaSYQzJok04JzTL1CA6aGhv5rfLW3PgqA+M2ChpZQnAC8h8i4ZFkBS8X5RqkDBHA7r4hej3K9A==",
      "dev": true,
      "funding": [
        {
          "type": "github",
          "url": "https://github.com/sponsors/feross"
        },
        {
          "type": "patreon",
          "url": "https://www.patreon.com/feross"
        },
        {
          "type": "consulting",
          "url": "https://feross.org/support"
        }
      ]
    },
    "node_modules/range-parser": {
      "version": "1.2.1",
      "resolved": "https://registry.npmjs.org/range-parser/-/range-parser-1.2.1.tgz",
      "integrity": "sha512-Hrgsx+orqoygnmhFbKaHE6c296J+HTAQXoxEF6gNupROmmGJRoyzfG3ccAveqCBrwr/2yxQ5BVd/GTl5agOwSg==",
      "dev": true,
      "engines": {
        "node": ">= 0.6"
      }
    },
    "node_modules/raw-body": {
      "version": "2.5.2",
      "resolved": "https://registry.npmjs.org/raw-body/-/raw-body-2.5.2.tgz",
      "integrity": "sha512-8zGqypfENjCIqGhgXToC8aB2r7YrBX+AQAfIPs/Mlk+BtPTztOvTS01NRW/3Eh60J+a48lt8qsCzirQ6loCVfA==",
      "dev": true,
      "dependencies": {
        "bytes": "3.1.2",
        "http-errors": "2.0.0",
        "iconv-lite": "0.4.24",
        "unpipe": "1.0.0"
      },
      "engines": {
        "node": ">= 0.8"
      }
    },
    "node_modules/raw-body/node_modules/bytes": {
      "version": "3.1.2",
      "resolved": "https://registry.npmjs.org/bytes/-/bytes-3.1.2.tgz",
      "integrity": "sha512-/Nf7TyzTx6S3yRJObOAV7956r8cr2+Oj8AC5dt8wSP3BQAoeX58NoHyCU8P8zGkNXStjTSi6fzO6F0pBdcYbEg==",
      "dev": true,
      "engines": {
        "node": ">= 0.8"
      }
    },
    "node_modules/read-chunk": {
      "version": "3.2.0",
      "resolved": "https://registry.npmjs.org/read-chunk/-/read-chunk-3.2.0.tgz",
      "integrity": "sha512-CEjy9LCzhmD7nUpJ1oVOE6s/hBkejlcJEgLQHVnQznOSilOPb+kpKktlLfFDK3/WP43+F80xkUTM2VOkYoSYvQ==",
      "dev": true,
      "dependencies": {
        "pify": "^4.0.1",
        "with-open-file": "^0.1.6"
      },
      "engines": {
        "node": ">=6"
      }
    },
    "node_modules/rechoir": {
      "version": "0.6.2",
      "resolved": "https://registry.npmjs.org/rechoir/-/rechoir-0.6.2.tgz",
      "integrity": "sha512-HFM8rkZ+i3zrV+4LQjwQ0W+ez98pApMGM3HUrN04j3CqzPOzl9nmP15Y8YXNm8QHGv/eacOVEjqhmWpkRV0NAw==",
      "dev": true,
      "dependencies": {
        "resolve": "^1.1.6"
      },
      "engines": {
        "node": ">= 0.10"
      }
    },
    "node_modules/resolve": {
      "version": "1.22.8",
      "resolved": "https://registry.npmjs.org/resolve/-/resolve-1.22.8.tgz",
      "integrity": "sha512-oKWePCxqpd6FlLvGV1VU0x7bkPmmCNolxzjMf4NczoDnQcIWrAF+cPtZn5i6n+RfD2d9i0tzpKnG6Yk168yIyw==",
      "dev": true,
      "dependencies": {
        "is-core-module": "^2.13.0",
        "path-parse": "^1.0.7",
        "supports-preserve-symlinks-flag": "^1.0.0"
      },
      "bin": {
        "resolve": "bin/resolve"
      },
      "funding": {
        "url": "https://github.com/sponsors/ljharb"
      }
    },
    "node_modules/reusify": {
      "version": "1.0.4",
      "resolved": "https://registry.npmjs.org/reusify/-/reusify-1.0.4.tgz",
      "integrity": "sha512-U9nH88a3fc/ekCF1l0/UP1IosiuIjyTh7hBvXVMHYgVcfGvt897Xguj2UOLDeI5BG2m7/uwyaLVT6fbtCwTyzw==",
      "dev": true,
      "engines": {
        "iojs": ">=1.0.0",
        "node": ">=0.10.0"
      }
    },
    "node_modules/run-parallel": {
      "version": "1.2.0",
      "resolved": "https://registry.npmjs.org/run-parallel/-/run-parallel-1.2.0.tgz",
      "integrity": "sha512-5l4VyZR86LZ/lDxZTR6jqL8AFE2S0IFLMP26AbjsLVADxHdhB/c0GUsH+y39UfCi3dzz8OlQuPmnaJOMoDHQBA==",
      "dev": true,
      "funding": [
        {
          "type": "github",
          "url": "https://github.com/sponsors/feross"
        },
        {
          "type": "patreon",
          "url": "https://www.patreon.com/feross"
        },
        {
          "type": "consulting",
          "url": "https://feross.org/support"
        }
      ],
      "dependencies": {
        "queue-microtask": "^1.2.2"
      }
    },
    "node_modules/safe-buffer": {
      "version": "5.1.2",
      "resolved": "https://registry.npmjs.org/safe-buffer/-/safe-buffer-5.1.2.tgz",
      "integrity": "sha512-Gd2UZBJDkXlY7GbJxfsE8/nvKkUEU1G38c1siN6QP6a9PT9MmHB8GnpscSmMJSoF8LOIrt8ud/wPtojys4G6+g==",
      "dev": true
    },
    "node_modules/safer-buffer": {
      "version": "2.1.2",
      "resolved": "https://registry.npmjs.org/safer-buffer/-/safer-buffer-2.1.2.tgz",
      "integrity": "sha512-YZo3K82SD7Riyi0E1EQPojLz7kpepnSQI9IyPbHHg1XXXevb5dJI7tpyN2ADxGcQbHG7vcyRHk0cbwqcQriUtg==",
      "dev": true
    },
    "node_modules/sax": {
      "version": "1.1.4",
      "resolved": "https://registry.npmjs.org/sax/-/sax-1.1.4.tgz",
      "integrity": "sha512-5f3k2PbGGp+YtKJjOItpg3P99IMD84E4HOvcfleTb5joCHNXYLsR9yWFPOYGgaeMPDubQILTCMdsFb2OMeOjtg==",
      "dev": true
    },
    "node_modules/semver": {
      "version": "7.6.0",
      "resolved": "https://registry.npmjs.org/semver/-/semver-7.6.0.tgz",
      "integrity": "sha512-EnwXhrlwXMk9gKu5/flx5sv/an57AkRplG3hTK68W7FRDN+k+OWBj65M7719OkA82XLBxrcX0KSHj+X5COhOVg==",
      "dev": true,
      "dependencies": {
        "lru-cache": "^6.0.0"
      },
      "bin": {
        "semver": "bin/semver.js"
      },
      "engines": {
        "node": ">=10"
      }
    },
    "node_modules/send": {
      "version": "0.18.0",
      "resolved": "https://registry.npmjs.org/send/-/send-0.18.0.tgz",
      "integrity": "sha512-qqWzuOjSFOuqPjFe4NOsMLafToQQwBSOEpS+FwEt3A2V3vKubTquT3vmLTQpFgMXp8AlFWFuP1qKaJZOtPpVXg==",
      "dev": true,
      "dependencies": {
        "debug": "2.6.9",
        "depd": "2.0.0",
        "destroy": "1.2.0",
        "encodeurl": "~1.0.2",
        "escape-html": "~1.0.3",
        "etag": "~1.8.1",
        "fresh": "0.5.2",
        "http-errors": "2.0.0",
        "mime": "1.6.0",
        "ms": "2.1.3",
        "on-finished": "2.4.1",
        "range-parser": "~1.2.1",
        "statuses": "2.0.1"
      },
      "engines": {
        "node": ">= 0.8.0"
      }
    },
    "node_modules/send/node_modules/ms": {
      "version": "2.1.3",
      "resolved": "https://registry.npmjs.org/ms/-/ms-2.1.3.tgz",
      "integrity": "sha512-6FlzubTLZG3J2a/NVCAleEhjzq5oxgHyaCU9yYXvcLsvoVaHJq/s5xXI6/XXP6tz7R9xAOtHnSO/tXtF3WRTlA==",
      "dev": true
    },
    "node_modules/serve-static": {
      "version": "1.15.0",
      "resolved": "https://registry.npmjs.org/serve-static/-/serve-static-1.15.0.tgz",
      "integrity": "sha512-XGuRDNjXUijsUL0vl6nSD7cwURuzEgglbOaFuZM9g3kwDXOWVTck0jLzjPzGD+TazWbboZYu52/9/XPdUgne9g==",
      "dev": true,
      "dependencies": {
        "encodeurl": "~1.0.2",
        "escape-html": "~1.0.3",
        "parseurl": "~1.3.3",
        "send": "0.18.0"
      },
      "engines": {
        "node": ">= 0.8.0"
      }
    },
    "node_modules/set-function-length": {
      "version": "1.2.2",
      "resolved": "https://registry.npmjs.org/set-function-length/-/set-function-length-1.2.2.tgz",
      "integrity": "sha512-pgRc4hJ4/sNjWCSS9AmnS40x3bNMDTknHgL5UaMBTMyJnU90EgWh1Rz+MC9eFu4BuN/UwZjKQuY/1v3rM7HMfg==",
      "dev": true,
      "dependencies": {
        "define-data-property": "^1.1.4",
        "es-errors": "^1.3.0",
        "function-bind": "^1.1.2",
        "get-intrinsic": "^1.2.4",
        "gopd": "^1.0.1",
        "has-property-descriptors": "^1.0.2"
      },
      "engines": {
        "node": ">= 0.4"
      }
    },
    "node_modules/setprototypeof": {
      "version": "1.2.0",
      "resolved": "https://registry.npmjs.org/setprototypeof/-/setprototypeof-1.2.0.tgz",
      "integrity": "sha512-E5LDX7Wrp85Kil5bhZv46j8jOeboKq5JMmYM3gVGdGH8xFpPWXUMsNrlODCrkoxMEeNi/XZIwuRvY4XNwYMJpw==",
      "dev": true
    },
    "node_modules/shebang-command": {
      "version": "2.0.0",
      "resolved": "https://registry.npmjs.org/shebang-command/-/shebang-command-2.0.0.tgz",
      "integrity": "sha512-kHxr2zZpYtdmrN1qDjrrX/Z1rR1kG8Dx+gkpK1G4eXmvXswmcE1hTWBWYUzlraYw1/yZp6YuDY77YtvbN0dmDA==",
      "dev": true,
      "dependencies": {
        "shebang-regex": "^3.0.0"
      },
      "engines": {
        "node": ">=8"
      }
    },
    "node_modules/shebang-regex": {
      "version": "3.0.0",
      "resolved": "https://registry.npmjs.org/shebang-regex/-/shebang-regex-3.0.0.tgz",
      "integrity": "sha512-7++dFhtcx3353uBaq8DDR4NuxBetBzC7ZQOhmTQInHEd6bSrXdiEyzCvG07Z44UYdLShWUyXt5M/yhz8ekcb1A==",
      "dev": true,
      "engines": {
        "node": ">=8"
      }
    },
    "node_modules/shelljs": {
      "version": "0.8.5",
      "resolved": "https://registry.npmjs.org/shelljs/-/shelljs-0.8.5.tgz",
      "integrity": "sha512-TiwcRcrkhHvbrZbnRcFYMLl30Dfov3HKqzp5tO5b4pt6G/SezKcYhmDg15zXVBswHmctSAQKznqNW2LO5tTDow==",
      "dev": true,
      "dependencies": {
        "glob": "^7.0.0",
        "interpret": "^1.0.0",
        "rechoir": "^0.6.2"
      },
      "bin": {
        "shjs": "bin/shjs"
      },
      "engines": {
        "node": ">=4"
      }
    },
    "node_modules/side-channel": {
      "version": "1.0.6",
      "resolved": "https://registry.npmjs.org/side-channel/-/side-channel-1.0.6.tgz",
      "integrity": "sha512-fDW/EZ6Q9RiO8eFG8Hj+7u/oW+XrPTIChwCOM2+th2A6OblDtYYIpve9m+KvI9Z4C9qSEXlaGR6bTEYHReuglA==",
      "dev": true,
      "dependencies": {
        "call-bind": "^1.0.7",
        "es-errors": "^1.3.0",
        "get-intrinsic": "^1.2.4",
        "object-inspect": "^1.13.1"
      },
      "engines": {
        "node": ">= 0.4"
      },
      "funding": {
        "url": "https://github.com/sponsors/ljharb"
      }
    },
    "node_modules/signal-exit": {
      "version": "3.0.7",
      "resolved": "https://registry.npmjs.org/signal-exit/-/signal-exit-3.0.7.tgz",
      "integrity": "sha512-wnD2ZE+l+SPC/uoS0vXeE9L1+0wuaMqKlfz9AMUo38JsyLSBWSFcHR1Rri62LZc12vLr1gb3jl7iwQhgwpAbGQ==",
      "dev": true
    },
    "node_modules/statuses": {
      "version": "2.0.1",
      "resolved": "https://registry.npmjs.org/statuses/-/statuses-2.0.1.tgz",
      "integrity": "sha512-RwNA9Z/7PrK06rYLIzFMlaF+l73iwpzsqRIFgbMLbTcLD6cOao82TaWefPXQvB2fOC4AjuYSEndS7N/mTCbkdQ==",
      "dev": true,
      "engines": {
        "node": ">= 0.8"
      }
    },
    "node_modules/string-argv": {
      "version": "0.3.2",
      "resolved": "https://registry.npmjs.org/string-argv/-/string-argv-0.3.2.tgz",
      "integrity": "sha512-aqD2Q0144Z+/RqG52NeHEkZauTAUWJO8c6yTftGJKO3Tja5tUgIfmIl6kExvhtxSDP7fXB6DvzkfMpCd/F3G+Q==",
      "dev": true,
      "engines": {
        "node": ">=0.6.19"
      }
    },
    "node_modules/string.prototype.codepointat": {
      "version": "0.2.1",
      "resolved": "https://registry.npmjs.org/string.prototype.codepointat/-/string.prototype.codepointat-0.2.1.tgz",
      "integrity": "sha512-2cBVCj6I4IOvEnjgO/hWqXjqBGsY+zwPmHl12Srk9IXSZ56Jwwmy+66XO5Iut/oQVR7t5ihYdLB0GMa4alEUcg==",
      "dev": true
    },
    "node_modules/strip-bom": {
      "version": "4.0.0",
      "resolved": "https://registry.npmjs.org/strip-bom/-/strip-bom-4.0.0.tgz",
      "integrity": "sha512-3xurFv5tEgii33Zi8Jtp55wEIILR9eh34FAW00PZf+JnSsTmV/ioewSgQl97JHvgjoRGwPShsWm+IdrxB35d0w==",
      "dev": true,
      "engines": {
        "node": ">=8"
      }
    },
    "node_modules/strip-final-newline": {
      "version": "2.0.0",
      "resolved": "https://registry.npmjs.org/strip-final-newline/-/strip-final-newline-2.0.0.tgz",
      "integrity": "sha512-BrpvfNAE3dcvq7ll3xVumzjKjZQ5tI1sEUIKr3Uoks0XUl45St3FlatVqef9prk4jRDzhW6WZg+3bk93y6pLjA==",
      "dev": true,
      "engines": {
        "node": ">=6"
      }
    },
    "node_modules/supports-color": {
      "version": "7.2.0",
      "resolved": "https://registry.npmjs.org/supports-color/-/supports-color-7.2.0.tgz",
      "integrity": "sha512-qpCAvRl9stuOHveKsn7HncJRvv501qIacKzQlO/+Lwxc9+0q2wLyv4Dfvt80/DPn2pqOBsJdDiogXGR9+OvwRw==",
      "dev": true,
      "dependencies": {
        "has-flag": "^4.0.0"
      },
      "engines": {
        "node": ">=8"
      }
    },
    "node_modules/supports-preserve-symlinks-flag": {
      "version": "1.0.0",
      "resolved": "https://registry.npmjs.org/supports-preserve-symlinks-flag/-/supports-preserve-symlinks-flag-1.0.0.tgz",
      "integrity": "sha512-ot0WnXS9fgdkgIcePe6RHNk1WA8+muPa6cSjeR3V8K27q9BB1rTE3R1p7Hv0z1ZyAc8s6Vvv8DIyWf681MAt0w==",
      "dev": true,
      "engines": {
        "node": ">= 0.4"
      },
      "funding": {
        "url": "https://github.com/sponsors/ljharb"
      }
    },
    "node_modules/to-regex-range": {
      "version": "5.0.1",
      "resolved": "https://registry.npmjs.org/to-regex-range/-/to-regex-range-5.0.1.tgz",
      "integrity": "sha512-65P7iz6X5yEr1cwcgvQxbbIw7Uk3gOy5dIdtZ4rDveLqhrdJP+Li/Hx6tyK0NEb+2GCyneCMJiGqrADCSNk8sQ==",
      "dev": true,
      "dependencies": {
        "is-number": "^7.0.0"
      },
      "engines": {
        "node": ">=8.0"
      }
    },
    "node_modules/toidentifier": {
      "version": "1.0.1",
      "resolved": "https://registry.npmjs.org/toidentifier/-/toidentifier-1.0.1.tgz",
      "integrity": "sha512-o5sSPKEkg/DIQNmH43V0/uerLrpzVedkUh8tGNvaeXpfpuwjKenlSox/2O/BTlZUtEe+JG7s5YhEz608PlAHRA==",
      "dev": true,
      "engines": {
        "node": ">=0.6"
      }
    },
    "node_modules/type-is": {
      "version": "1.6.18",
      "resolved": "https://registry.npmjs.org/type-is/-/type-is-1.6.18.tgz",
      "integrity": "sha512-TkRKr9sUTxEH8MdfuCSP7VizJyzRNMjj2J2do2Jr3Kym598JVdEksuzPQCnlFPW4ky9Q+iA+ma9BGm06XQBy8g==",
      "dev": true,
      "dependencies": {
        "media-typer": "0.3.0",
        "mime-types": "~2.1.24"
      },
      "engines": {
        "node": ">= 0.6"
      }
    },
    "node_modules/universalify": {
      "version": "2.0.1",
      "resolved": "https://registry.npmjs.org/universalify/-/universalify-2.0.1.tgz",
      "integrity": "sha512-gptHNQghINnc/vTGIk0SOFGFNXw7JVrlRUtConJRlvaw6DuX0wO5Jeko9sWrMBhh+PsYAZ7oXAiOnf/UKogyiw==",
      "dev": true,
      "engines": {
        "node": ">= 10.0.0"
      }
    },
    "node_modules/unpipe": {
      "version": "1.0.0",
      "resolved": "https://registry.npmjs.org/unpipe/-/unpipe-1.0.0.tgz",
      "integrity": "sha512-pjy2bYhSsufwWlKwPc+l3cN7+wuJlK6uz0YdJEOlQDbl6jo/YlPi4mb8agUkVC8BF7V8NuzeyPNqRksA3hztKQ==",
      "dev": true,
      "engines": {
        "node": ">= 0.8"
      }
    },
    "node_modules/untildify": {
      "version": "4.0.0",
      "resolved": "https://registry.npmjs.org/untildify/-/untildify-4.0.0.tgz",
      "integrity": "sha512-KK8xQ1mkzZeg9inewmFVDNkg3l5LUhoq9kN6iWYB/CC9YMG8HA+c1Q8HwDe6dEX7kErrEVNVBO3fWsVq5iDgtw==",
      "dev": true,
      "engines": {
        "node": ">=8"
      }
    },
    "node_modules/utils-merge": {
      "version": "1.0.1",
      "resolved": "https://registry.npmjs.org/utils-merge/-/utils-merge-1.0.1.tgz",
      "integrity": "sha512-pMZTvIkT1d+TFGvDOqodOclx0QWkkgi6Tdoa8gC8ffGAAqz9pzPTZWAybbsHHoED/ztMtkv/VoYTYyShUn81hA==",
      "dev": true,
      "engines": {
        "node": ">= 0.4.0"
      }
    },
    "node_modules/vary": {
      "version": "1.1.2",
      "resolved": "https://registry.npmjs.org/vary/-/vary-1.1.2.tgz",
      "integrity": "sha512-BNGbWLfd0eUPabhkXUVm0j8uuvREyTh5ovRa/dyow/BqAbZJyC+5fU+IzQOzmAKzYqYRAISoRhdQr3eIZ/PXqg==",
      "dev": true,
      "engines": {
        "node": ">= 0.8"
      }
    },
    "node_modules/which": {
      "version": "3.0.1",
      "resolved": "https://registry.npmjs.org/which/-/which-3.0.1.tgz",
      "integrity": "sha512-XA1b62dzQzLfaEOSQFTCOd5KFf/1VSzZo7/7TUjnya6u0vGGKzU96UQBZTAThCb2j4/xjBAyii1OhRLJEivHvg==",
      "dev": true,
      "dependencies": {
        "isexe": "^2.0.0"
      },
      "bin": {
        "node-which": "bin/which.js"
      },
      "engines": {
        "node": "^14.17.0 || ^16.13.0 || >=18.0.0"
      }
    },
    "node_modules/with-open-file": {
      "version": "0.1.7",
      "resolved": "https://registry.npmjs.org/with-open-file/-/with-open-file-0.1.7.tgz",
      "integrity": "sha512-ecJS2/oHtESJ1t3ZfMI3B7KIDKyfN0O16miWxdn30zdh66Yd3LsRFebXZXq6GU4xfxLf6nVxp9kIqElb5fqczA==",
      "dev": true,
      "dependencies": {
        "p-finally": "^1.0.0",
        "p-try": "^2.1.0",
        "pify": "^4.0.1"
      },
      "engines": {
        "node": ">=6"
      }
    },
    "node_modules/wrappy": {
      "version": "1.0.2",
      "resolved": "https://registry.npmjs.org/wrappy/-/wrappy-1.0.2.tgz",
      "integrity": "sha512-l4Sp/DRseor9wL6EvV2+TuQn63dMkPjZ/sp9XkghTEbV9KlPS1xUsZ3u7/IQO4wxtcFB4bgpQPRcR3QCvezPcQ==",
      "dev": true
    },
    "node_modules/xmlbuilder": {
      "version": "15.1.1",
      "resolved": "https://registry.npmjs.org/xmlbuilder/-/xmlbuilder-15.1.1.tgz",
      "integrity": "sha512-yMqGBqtXyeN1e3TGYvgNgDVZ3j84W4cwkOXQswghol6APgZWaff9lnbvN7MHYJOiXsvGPXtjTYJEiC9J2wv9Eg==",
      "dev": true,
      "engines": {
        "node": ">=8.0"
      }
    },
    "node_modules/yallist": {
      "version": "4.0.0",
      "resolved": "https://registry.npmjs.org/yallist/-/yallist-4.0.0.tgz",
      "integrity": "sha512-3wdGidZyq5PB084XLES5TpOSRA3wjXAlIWMhum2kRcv/41Sn2emQ0dycQW4uZXLejwKvg6EsvbdlVL+FYEct7A==",
      "dev": true
    }
  }
}
